id,address,nationality,reference
0,0xf39Fd6e51aad88F6F4ce6aB8827279cffFb92266,China,https://devos-frontend.vercel.app//0xf39Fd6e51aad88F6F4ce6aB8827279cffFb92266
1,0x15d34AAf54267DB7D7c367839AAf71A00a2C6A65,Egypt,https://devos-frontend.vercel.app//0x15d34AAf54267DB7D7c367839AAf71A00a2C6A65
2,0x71bE63f3384f5fb98995898A86B02Fb2426c5788,Germany,https://devos-frontend.vercel.app//0x71bE63f3384f5fb98995898A86B02Fb2426c5788
3,0x181Fc31A5Efd401DCfbb112Fd12c8E0C4b4D7D9C,Austria,https://devos-frontend.vercel.app//0x181Fc31A5Efd401DCfbb112Fd12c8E0C4b4D7D9C
4,0x2546BcD3c84621e976D8185a91A922aE77ECEc30,Japan,https://devos-frontend.vercel.app//0x2546BcD3c84621e976D8185a91A922aE77ECEc30
5,0xcd3B766CCDd6AE721141F452C550Ca635964ce71,Austria,https://devos-frontend.vercel.app//0xcd3B766CCDd6AE721141F452C550Ca635964ce71
6,0xFABB0ac9d68B0B445fB7357272Ff202C5651694a,Turkey,https://devos-frontend.vercel.app//0xFABB0ac9d68B0B445fB7357272Ff202C5651694a
7,0x3C44CdDdB6a900fa2b585dd299e03d12FA4293BC,Austria,https://devos-frontend.vercel.app//0x3C44CdDdB6a900fa2b585dd299e03d12FA4293BC
8,0x5E0847067ca0a02548073C16DE683d59c623417A,Russia,https://devos-frontend.vercel.app//0x5E0847067ca0a02548073C16DE683d59c623417A
9,0x2a2D497e270A38f3f75bb3520Fa8Ca5d7db16c2e,Japan,https://devos-frontend.vercel.app//0x2a2D497e270A38f3f75bb3520Fa8Ca5d7db16c2e